항목,답,고를 수 있는 값,예시,필드 ID
운영 회사(법인) 정식 이름 (필수),,,○○ 주식회사,IS-01.orgNameRef
서비스·브랜드 이름(여러 개면 쉼표로) (필수),,,"○○몰, ○○몰 앱",IS-01.serviceNames
서비스 종류(모두 고르기) (필수),,온라인 판매·결제 / 회원·커뮤니티 / 사내 임직원 시스템 / 콘텐츠·미디어 / 기업 고객용(B2B) / 기타,"온라인 판매·결제, 회원·커뮤니티",IS-01.serviceTypes
이용 경로(모두 고르기),,웹 / 모바일 앱 / 오프라인 매장 / 콜센터,"웹, 모바일 앱",IS-01.channels
개인정보를 다루는 대상(모두 고르기),,회원 / 비회원 구매자 / 임직원 / 채용 지원자 / 협력사 직원 / 방문객,"회원, 비회원 구매자",IS-01.dataSubjectGroups
회원 가입(계정)이 있나요?,,예 / 아니오 / 모름,예,IS-01.membership
"마케팅(광고성 정보 발송, 맞춤형 광고)에 개인정보를 쓰나요?",,예 / 아니오 / 모름,예,IS-01.marketing
다른 회사가 자기 목적으로 쓰도록 개인정보를 주나요(제3자 제공)?,,예 / 아니오 / 모름,예,IS-01.thirdPartyProvision
개인정보 처리 업무를 외부 업체에 맡기나요(위탁)?,,예 / 아니오 / 모름,예,IS-01.outsourcing
개인정보가 해외로 나가나요(해외 서버·업체·본사)?,,예 / 아니오 / 모름,아니오,IS-01.overseasTransfer
"쿠키, SDK, 광고식별자를 쓰나요?",,예 / 아니오 / 모름,예,IS-01.autoCollection
로그인 회원과 연결한 행태정보로 광고·추천을 하나요?,,예 / 아니오 / 모름,아니오,IS-01.behavioralIdentified
다른 회사의 태그·픽셀·SDK가 행태정보를 직접 가져가나요?,,예 / 아니오 / 모름,아니오,IS-01.thirdPartyTrackers
만 14세 미만 아동의 개인정보를 처리하나요?,,예 / 아니오 / 모름,아니오,IS-01.childrenU14
주민등록번호 등 고유식별정보를 받나요?,,예 / 아니오 / 모름,아니오,IS-01.uniqueId
건강·생체 정보 같은 민감정보를 다루나요?,,예 / 아니오 / 모름,아니오,IS-01.sensitiveData
가명정보를 만들거나 쓰나요?,,예 / 아니오 / 모름,아니오,IS-01.pseudonymized
생성형 AI 기능이나 외부 AI API가 있나요?,,예 / 아니오 / 모름,아니오,IS-01.genAI
사람 검토 없이 시스템만으로 이용자에 대한 결정을 내리나요?,,예 / 아니오 / 모름,아니오,IS-01.automatedDecision
CCTV(고정형 영상기기)를 운영하나요?,,예 / 아니오 / 모름,아니오,IS-01.cctvFixed
"이동형 영상기기(차량 카메라, 로봇 등)를 운영하나요?",,예 / 아니오 / 모름,아니오,IS-01.cctvMobile
위치정보(GPS 등)를 수집하나요?,,예 / 아니오 / 모름,아니오,IS-01.locationInfo
한국에 주소나 영업소가 없는 해외 사업자인가요?,,예 / 아니오 / 모름,아니오,IS-01.foreignNoKrAddress
이용약관도 함께 만드나요?,,예 / 아니오 / 모름,예,IS-01.termsApplicable
